Workbook

Sheet Raw Data
A1: Request ID | B1: Borough | C1: Facility Type | D1: Issue Type | E1: Month | F1: Resolution Days
A2: 1001 | B2: Queens | C2: Playground | D2: Litter | E2: January | F2: 1
A3: 1002 | B3: Brooklyn | C3: Park | D3: Broken Equipment | E3: January | F3: 4
A4: 1003 | B4: Bronx | C4: Playground | D4: Graffiti | E4: February | F4: 3
A5: 1004 | B5: Queens | C5: Recreation Center | D5: Plumbing | E5: February | F5: 6
A6: 1005 | B6: Manhattan | C6: Park | D6: Litter | E6: March | F6: 1
A7: 1006 | B7: Brooklyn | C7: Playground | D7: Graffiti | E7: March | F7: 2
A8: 1007 | B8: Queens | C8: Park | D8: Litter | E8: April | F8: 1
A9: 1008 | B9: Bronx | C9: Recreation Center | D9: Plumbing | E9: April | F9: 5
A10: 1009 | B10: Manhattan | C10: Playground | D10: Broken Equipment | E10: May | F10: 7
A11: 1010 | B11: Queens | C11: Playground | D11: Graffiti | E11: May | F11: 3
A12: 1011 | B12: Brooklyn | C12: Park | D12: Litter | E12: June | F12: 2
A13: 1012 | B13: Bronx | C13: Park | D13: Broken Equipment | E13: June | F13: 5
... A16: 1015 | B16: Brooklyn | C16: Playground | D16: Graffiti | E16: August | F16: 3
A18: Quenns Requests | B18: =COUNTIF(B2:B16, "Queens") -> 5
A19: Brooklyn Requests | B19: =COUNTIF(B2:B16, "Brooklyn") -> 4
A20: Bronx Requests | B20: =COUNTIF(B2:B16, "Bronx") -> 3
A21: Manhattan Requests | B21: =COUNTIF(B2:B16, "Manhattan") -> 3
A24: Longest Resolution | B24: =MAX(F2:F16) -> 7
A25: Average Resolution | B25: =AVERAGE(F2:F16) -> 3.2
A26: Litter | B26: =COUNTIF(D2:D16, "Litter") -> 5
A27: Graffiti | B27: =COUNTIF(D2:D16, "Graffiti") -> 4
A28: Plumbing | B28: =COUNTIF(D2:D16, "Plumbing") -> 3
A29: Broken Equipment | B29: =COUNTIF(D2:D16, "Broken Equipment") -> 3

Sheet Cleaned Data
A1: Request ID | B1: Borough | C1: Facility Type | D1: Issue Type | E1: Month | F1: Resolution Days
A2: 1001 | B2: Queens | C2: Playground | D2: Litter | E2: January | F2: 1 | H2: Issue Type | I2: Average Resolution Days
A3: 1002 | B3: Brooklyn | C3: Park | D3: Broken Equipment | E3: January | F3: 4 | H3: Broken Equipment | I3: =AVERAGEIF(D2:D20,H3,F2:F20) -> 5.3333333
A4: 1003 | B4: Bronx | C4: Playground | D4: Graffiti | E4: February | F4: 3 | H4: Graffiti | I4: =AVERAGEIF(D3:D21,H4,F3:F21) -> 2.6
A5: 1004 | B5: Queens | C5: Recreation Center | D5: Plumbing | E5: February | F5: 6 | H5: Litter | I5: =AVERAGEIF(D4:D22,H5,F4:F22) -> 1.6666667
A6: 1005 | B6: Manhattan | C6: Park | D6: Litter | E6: March | F6: 1 | H6: Plumbing | I6: =AVERAGEIF(D5:D23,H6,F5:F23) -> 5
A7: 1006 | B7: Brooklyn | C7: Playground | D7: Graffiti | E7: March | F7: 2 | H7: Unknown | I7: =AVERAGEIF(D6:D24,H7,F6:F24) -> 4
A8: 1007 | B8: Queens | C8: Park | D8: Litter | E8: April | F8: 1 | H8: Broken Equipment requests had the longest average resolution time at 5.33 days, while Litter requests had the shortest at 1.67 days.
A9: 1008 | B9: Bronx | C9: Recreation Center | D9: Plumbing | E9: April | F9: 5 | H9: Burough | I9: Average Resolution Days
A10: 1009 | B10: Manhattan | C10: Playground | D10: Broken Equipment | E10: May | F10: 7 | H10: Bronx | I10: =AVERAGEIF(B2:B20,H10,F2:F20) -> 4.25
A11: 1010 | B11: Queens | C11: Playground | D11: Graffiti | E11: May | F11: 3 | H11: Brooklyn | I11: =AVERAGEIF(B3:B21,H11,F3:F21) -> 2.6666667
A12: 1011 | B12: Brooklyn | C12: Park | D12: Litter | E12: June | F12: 2 | H12: Manhattan | I12: =AVERAGEIF(B4:B22,H12,F4:F22) -> 3
A13: 1012 | B13: Bronx | C13: Park | D13: Broken Equipment | E13: June | F13: 5 | H13: Queens | I13: =AVERAGEIF(B5:B23,H13,F5:F23) -> 3.2
A14: 1013 | B14: Queens | C14: Recreation Center | D14: Plumbing | E14: July | F14: 4 | H14: Requests in the Bronx had the longest average resolution time at 4.25 days, while Brooklyn had the shortest at 2.67 days.
A15: 1014 | B15: Manhattan | C15: Park | D15: Litter | E15: July | F15: 1
A16: 1015 | B16: Brooklyn | C16: Playground | D16: Graffiti | E16: August | F16: 3
A17: 1016 | B17: Queens | C17: Playground | D17: Litter | E17: September | F17: 2
A18: 1017 | B18: Brooklyn | C18: Park | D18: Litter | E18: September | F18: 3
A19: 1018 | B19: Bronx | C19: Recreation Center | D19: Unknown | E19: September | F19: 4
A20: 1019 | B20: Brooklyn | C20: Park | D20: Graffiti | E20: September | F20: 2
A22: Average Resolution Days | B22: Range (Slowest) | C22: Range (Fastest)
A23: =AVERAGE(F2:F20) -> 3.1052632 | B23: =MIN(F2:F20) -> 1 | C23: =MAX(F2:F20) -> 7
A24: Requests in the dataset were resolved between 1 and 7 days, with an average resolution time of approximately 3.2 days.

Sheet Analysis
A3: Row Labels | B3: Count of Request ID | C3: Row Labels | D3: Count of Request ID
A4: Bronx | B4: 3 | C4: Broken Equipment | D4: 3
A5: Brooklyn | B5: 4 | C5: Graffiti | D5: 4
A6: Manhattan | B6: 3 | C6: Litter | D6: 5
A7: Queens | B7: 5 | C7: Plumbing | D7: 3
A8: Grand Total | B8: 15 | C8: Grand Total | D8: 15
A30: Insight: Queens had the highest number of maintenance requests in the sample, with 5 requests, while the Bronx and Manhattan each had 3. | F30: Insight: Litter was the most frequently reported issue, with 5 requests in the sample

Sheet NYC Parks Dashboard
A1: NYC Parks Maintenance Dashboard
A3: Total Maintenance Requests
A4: =COUNTA('Cleaned Data'!A2:A20) -> 19
A6: Average Resolution Time (Days)
A7: =AVERAGE('Cleaned Data'!F2:F20) -> 3.1052632
A9: Most Common Issue | B9: Number of Requests
A10: Litter | B10: 7
A12: Burough | B12: Requests | D12: Issue Type | E12: Requests
A13: Bronx | B13: =COUNTIF('Cleaned Data'!B2:B20,A13) -> 4 | D13: Broken Equipment | E13: =COUNTIF('Cleaned Data'!D2:D20,D13) -> 3
A14: Brooklyn | B14: =COUNTIF('Cleaned Data'!B3:B21,A14) -> 6 | D14: Graffiti | E14: =COUNTIF('Cleaned Data'!D3:D21,D14) -> 5
A15: Manhattan | B15: =COUNTIF('Cleaned Data'!B4:B22,A15) -> 3 | D15: Litter | E15: =COUNTIF('Cleaned Data'!D2:D22,D15) -> 7
A16: Queens | B16: =COUNTIF('Cleaned Data'!B2:B23,A16) -> 6 | D16: Plumbing | E16: =COUNTIF('Cleaned Data'!D5:D23,D16) -> 3
D17: Unknown | E17: =COUNTIF('Cleaned Data'!D6:D24,D17) -> 1
A20: Key Findings
A21: Brooklyn and Queens had the highest number of maintenance requests, with 6 requests each.
A22: Litter was the most common maintenance issue, with 7 requests.
A23: The average maintenance request took 3.11 days to resolve.

Sheet Project Summary
A1: NYC Parks Maintenance Analysis
A3: Project Objective
A4: Analyze NYC Parks maintenance requests to identify patterns in maintenance issues, borough activity, and resolution times.
A6: Tools Used
A7: Microsoft Excel, PivotTables, PivotCharts, COUNTIF, COUNTIFS, AVERAGEIF, data cleaning, and data visualization
A9: Key Findings
A10: Brooklyn and Queens had the highest number of maintenance requests, with 6 requests each.
A11: Litter was the most common maintenance issue, with 7 requests.
A12: Recreation Center requests had the longest average resolution time at 4.75 days.
A13: The overall average resolution time was 3.11 days.
